stat,stars,expected_stars_structural,operational_residual,poverty_exposure,rural_exposure,hpsa_exposure,hhi,entropy,top1_share,top5_share,n_counties,log_enroll,total_enrollment,year_2025
count,1035.0,1035.0,1035.0,1035.0,1035.0,1035.0,1035.0,1035.0,1035.0,1035.0,1035.0,1035.0,1035.0,1035.0
mean,3.6681159420289857,3.667855166301778,0.00026077572720759377,12.84949785219549,0.16491711115089888,2.3992452500154844,0.1973465172163421,2.5777780383037583,0.3087776480031847,0.6386810158812974,79.26666666666667,9.593668077432573,61747.228985507245,0.4888888888888889
std,0.6337141644704193,0.2568684969675657,0.5742686762015317,2.5960068752832144,0.18779562458494822,3.4457279233557365,0.215005818756248,1.2338343329196921,0.22916916044526173,0.26223636793555033,224.16970895713473,1.6802518682873055,195932.81650765295,0.5001181893409723
min,2.0,2.9309099969429377,-1.5933595502119768,7.098632715743585,0.0,0.0,0.0016641432074267568,-0.0,0.01342974295312401,0.04017556490530856,1.0,3.6109179126442243,37.0,0.0
25%,3.0,3.488109094385086,-0.4114044255253335,11.151895278242389,0.0053333006533514355,0.169390662436472,0.05478777871259387,1.7566013796748516,0.14130682102710432,0.42106925361328407,11.0,8.40409182850593,4466.5,0.0
50%,3.5,3.68203153613156,-0.02323510567641307,12.57702658920791,0.1103118486124167,0.9881517709237201,0.12188683486543093,2.5163156630216,0.244242019107445,0.6408163265306123,27.0,9.582868979838082,14514.0,0.0
75%,4.0,3.869776679126625,0.40436324072388485,14.264104299338527,0.24490087464536864,2.8097261332684242,0.2427719260927943,3.398606706019704,0.4052568295379816,0.868786670459716,64.0,10.77677681359452,47895.5,1.0
max,5.0,4.296864631666831,1.741194899181064,28.7,1.0,15.938697318007662,1.0,7.027250669500177,1.0,1.0000000000000002,2775.0,14.772594227936551,2604091.0,1.0
