year_2025,bucket,n,mean_stars,mean_expected,mean_residual,mean_hpsa,mean_poverty,mean_log_enroll
0,Near expectation (within ±0.25),154,3.6396103896103895,3.6680331357047034,-0.028422746094313667,2.9978184763576823,12.825202227494588,9.638371368010006
0,Operational overperformance (above structural expectation),185,4.389189189189189,3.69967785176173,0.6895113374274592,2.233524148500169,12.94723272228493,9.697400479062406
0,Operational underperformance (execution opportunity),190,3.031578947368421,3.657718831490322,-0.6261398841219008,2.0295738942311408,13.212975963519408,9.37498626733902
1,Near expectation (within ±0.25),185,3.6405405405405404,3.625487587056989,0.015052953483551824,2.8887906912539276,12.7342791009959,9.510570982717601
1,Operational overperformance (above structural expectation),151,4.2947019867549665,3.6733739402259395,0.6213280465290275,2.13216184395693,12.83492557530664,9.645369923283521
1,Operational underperformance (execution opportunity),170,3.0941176470588236,3.6855961475592642,-0.5914785005004404,2.155006263006012,12.497236774948375,9.729201763703802
